{"negativa": {"precision": 0.8756756756756757, "recall": 0.9, "f1-score": 0.8876712328767123, "support": 180}, "positiva": {"precision": 0.875, "recall": 0.8456375838926175, "f1-score": 0.8600682593856656, "support": 149}, "accuracy": 0.8753799392097265, "macro avg": {"precision": 0.8753378378378378, "recall": 0.8728187919463087, "f1-score": 0.873869746131189, "support": 329}, "weighted avg": {"precision": 0.8753696705824366, "recall": 0.8753799392097265, "f1-score": 0.8751701901710407, "support": 329}, "F1_score_Test": 0.8601, "F1_score_Validation": 0.8231}